Grupo,Coeficiente,IC_Inf,IC_Sup
Bajos Ingresos,5696.366251978333,3034.455534916517,8358.27696904015
Altos Ingresos,15332.085903283009,9409.65227413283,21254.519532433187
Jóvenes,9917.173035810078,5397.060252991392,14437.285818628763
Adultos Mayores,16267.619304153191,10224.988123910925,22310.25048439546
